Percentile,CMAX_dBZ,SDRR_dBZ,Difference_dBZ
100,62,61.883,19.617
99.95,45,54.663,-9.663
99.9,42.684,52.707,-10.023
99.85,41.077,52.224,-11.147
99.8,39.876,51.535,-11.659
99.75,38.877,50.668,-11.791
99.7,38,50.012,-12.012
99.65,37.274,49.745,-12.471
99.6,36.599,49.539,-12.94
99.55,36,49.335,-13.335
99.5,35.5,49.119,-13.619
99.45,35,48.85,-13.85
99.4,34.5,48.545,-14.045
99.35,34.049,48.242,-14.193
99.3,33.636,47.974,-14.338
99.25,33.245,47.762,-14.517
99.2,32.874,47.572,-14.698
99.15,32.5,47.382,-14.882
99.1,32.126,47.182,-15.056
99.05,31.801,46.948,-15.148
99,31.487,46.674,-15.187
98.95,31.131,46.371,-15.24
98.9,30.839,46.055,-15.216
98.85,30.5,45.734,-15.233
98.8,30.222,45.411,-15.189
98.75,29.953,45.093,-15.14
98.7,29.634,44.781,-15.147
98.65,29.378,44.479,-15.101
98.6,29.067,44.185,-15.117
98.55,28.82,43.9,-15.08
98.5,28.517,43.64,-15.123
98.45,28.273,43.412,-15.138
98.4,28,43.212,-15.212
98.35,27.736,43.043,-15.308
98.3,27.496,42.914,-15.418
98.25,27.202,42.812,-15.61
98.2,26.966,42.717,-15.751
98.15,26.674,42.626,-15.952
98.1,26.441,42.536,-16.096
98.05,26.149,42.445,-16.296
98,25.918,42.352,-16.434
97.95,25.631,42.255,-16.624
97.9,25.405,42.153,-16.749
97.85,25.121,42.042,-16.92
97.8,24.9,41.917,-17.017
97.75,24.622,41.784,-17.162
97.7,24.406,41.649,-17.243
97.65,24.136,41.521,-17.385
97.6,23.927,41.411,-17.484
97.55,23.665,41.311,-17.646
97.5,23.463,41.21,-17.747
97.45,23.209,41.106,-17.897
97.4,23,40.993,-17.993
97.35,22.768,40.872,-18.104
97.3,22.523,40.75,-18.227
97.25,22.339,40.631,-18.292
97.2,22.098,40.518,-18.42
97.15,21.924,40.412,-18.488
97.1,21.689,40.308,-18.619
97.05,21.5,40.202,-18.702
97,21.294,40.09,-18.796
96.95,21.067,39.969,-18.902
96.9,20.908,39.842,-18.934
96.85,20.685,39.711,-19.026
96.8,20.5,39.578,-19.078
96.75,20.316,39.443,-19.127
96.7,20.098,39.306,-19.209
96.65,19.95,39.17,-19.22
96.6,19.738,39.034,-19.296
96.55,19.528,38.901,-19.372
96.5,19.386,38.772,-19.386
96.45,19.176,38.649,-19.473
96.4,19,38.532,-19.532
96.35,18.837,38.42,-19.583
96.3,18.631,38.315,-19.685
96.25,18.496,38.218,-19.722
96.2,18.299,38.127,-19.829
96.15,18.096,38.046,-19.95
96.1,17.967,37.975,-20.008
96.05,17.771,37.915,-20.144
96,17.571,37.86,-20.288
95.95,17.446,37.807,-20.361
95.9,17.25,37.756,-20.506
95.85,17.052,37.705,-20.653
95.8,16.929,37.654,-20.726
95.75,16.732,37.603,-20.871
95.7,16.536,37.549,-21.013
95.65,16.412,37.495,-21.083
95.6,16.213,37.439,-21.227
95.55,16.018,37.382,-21.365
95.5,15.892,37.324,-21.432
95.45,15.688,37.263,-21.575
95.4,15.5,37.201,-21.701
95.35,15.363,37.136,-21.774
95.3,15.154,37.068,-21.914
95.25,15,36.993,-21.993
95.2,14.817,36.911,-22.094
95.15,14.6,36.826,-22.225
95.1,14.462,36.738,-22.276
95.05,14.242,36.647,-22.405
95,14.022,36.555,-22.533
94.95,13.869,36.46,-22.591
94.9,13.629,36.366,-22.737
94.85,13.467,36.271,-22.804
94.8,13.217,36.176,-22.959
94.75,13,36.081,-23.081
94.7,12.773,35.987,-23.214
94.65,12.504,35.894,-23.391
94.6,12.284,35.804,-23.52
94.55,12,35.716,-23.716
94.5,11.735,35.632,-23.897
94.45,11.477,35.552,-24.075
94.4,11.112,35.478,-24.365
94.35,10.807,35.406,-24.6
94.3,10.469,35.335,-24.866
94.25,10.026,35.263,-25.237
94.2,9.61,35.189,-25.579
94.15,9.161,35.109,-25.948
94.1,8.668,35.025,-26.357
94.05,8.124,34.937,-26.812
94,7.533,34.846,-27.313
93.95,6.935,34.753,-27.818
93.9,6.161,34.659,-28.499
93.85,5.406,34.564,-29.158
93.8,4.494,34.468,-29.974
93.75,3.42,34.372,-30.951
93.7,2.023,34.275,-32.252
93.65,0,34.179,-34.179
93.6,-2,34.083,-36.083
93.55,-6,33.989,-39.989
93.5,-25,33.897,-58.897
93.45,-25,33.806,-58.806
93.4,-25,33.716,-58.716
93.35,-25,33.628,-58.628
93.3,-25,33.541,-58.541
93.25,-25,33.456,-58.456
93.2,-25,33.373,-58.373
93.15,-25,33.293,-58.293
93.1,-25,33.215,-58.215
93.05,-25,33.139,-58.139
93,-25,33.067,-58.067
92.95,-25,33,-58
92.9,-25,32.938,-57.938
92.85,-25,32.88,-57.88
92.8,-25,32.824,-57.824
92.75,-25,32.77,-57.77
92.7,-25,32.714,-57.714
92.65,-25,32.659,-57.659
92.6,-25,32.603,-57.603
92.55,-25,32.546,-57.546
92.5,-25,32.489,-57.489
92.45,-25,32.43,-57.43
92.4,-25,32.371,-57.371
92.35,-25,32.31,-57.31
92.3,-25,32.247,-57.247
92.25,-25,32.182,-57.182
92.2,-25,32.115,-57.115
92.15,-25,32.043,-57.043
92.1,-25,31.965,-56.965
92.05,-25,31.882,-56.882
92,-25,31.797,-56.797
91.95,-25,31.708,-56.708
91.9,-25,31.618,-56.618
91.85,-25,31.525,-56.525
91.8,-25,31.432,-56.432
91.75,-25,31.339,-56.339
91.7,-25,31.244,-56.244
91.65,-25,31.147,-56.147
91.6,-25,31.05,-56.05
91.55,-25,30.952,-55.952
91.5,-25,30.853,-55.853
91.45,-25,30.754,-55.754
91.4,-25,30.654,-55.654
91.35,-25,30.554,-55.554
91.3,-25,30.454,-55.454
91.25,-25,30.351,-55.351
91.2,-25,30.246,-55.246
91.15,-25,30.14,-55.14
91.1,-25,30.03,-55.03
91.05,-25,29.919,-54.919
91,-25,29.805,-54.805
90.95,-25,29.691,-54.691
90.9,-25,29.577,-54.577
90.85,-25,29.462,-54.462
90.8,-25,29.349,-54.349
90.75,-25,29.236,-54.236
90.7,-25,29.125,-54.125
90.65,-25,29.016,-54.016
90.6,-25,28.909,-53.909
90.55,-25,28.805,-53.805
90.5,-25,28.701,-53.701
90.45,-25,28.597,-53.597
90.4,-25,28.496,-53.496
90.35,-25,28.395,-53.395
90.3,-25,28.297,-53.297
90.25,-25,28.202,-53.202
90.2,-25,28.11,-53.11
90.15,-25,28.022,-53.022
90.1,-25,27.942,-52.942
90.05,-25,27.869,-52.869
90,-25,27.801,-52.801
89.95,-25,27.736,-52.736
89.9,-25,27.673,-52.673
89.85,-25,27.61,-52.61
89.8,-25,27.549,-52.549
89.75,-25,27.488,-52.488
89.7,-25,27.427,-52.427
89.65,-25,27.366,-52.366
89.6,-25,27.304,-52.304
89.55,-25,27.242,-52.242
89.5,-25,27.178,-52.178
89.45,-25,27.112,-52.112
89.4,-25,27.043,-52.043
89.35,-25,26.969,-51.969
89.3,-25,26.892,-51.892
89.25,-25,26.811,-51.811
89.2,-25,26.729,-51.729
89.15,-25,26.644,-51.644
89.1,-25,26.559,-51.559
89.05,-25,26.472,-51.472
89,-25,26.383,-51.383
88.95,-25,26.292,-51.292
88.9,-25,26.199,-51.199
88.85,-25,26.105,-51.105
88.8,-25,26.008,-51.008
88.75,-25,25.909,-50.909
88.7,-25,25.808,-50.808
88.65,-25,25.706,-50.706
88.6,-25,25.603,-50.603
88.55,-25,25.499,-50.499
88.5,-25,25.395,-50.395
88.45,-25,25.29,-50.29
88.4,-25,25.185,-50.185
88.35,-25,25.08,-50.08
88.3,-25,24.975,-49.975
88.25,-25,24.87,-49.87
88.2,-25,24.765,-49.765
88.15,-25,24.66,-49.66
88.1,-25,24.555,-49.555
88.05,-25,24.451,-49.451
88,-25,24.347,-49.347
87.95,-25,24.245,-49.245
87.9,-25,24.143,-49.143
87.85,-25,24.043,-49.043
87.8,-25,23.944,-48.944
87.75,-25,23.848,-48.848
87.7,-25,23.753,-48.753
87.65,-25,23.66,-48.66
87.6,-25,23.567,-48.567
87.55,-25,23.477,-48.477
87.5,-25,23.389,-48.389
87.45,-25,23.302,-48.302
87.4,-25,23.219,-48.219
87.35,-25,23.137,-48.137
87.3,-25,23.06,-48.06
87.25,-25,22.987,-47.987
87.2,-25,22.921,-47.921
87.15,-25,22.861,-47.861
87.1,-25,22.804,-47.804
87.05,-25,22.749,-47.749
87,-25,22.696,-47.696
86.95,-25,22.643,-47.643
86.9,-25,22.591,-47.591
86.85,-25,22.539,-47.539
86.8,-25,22.488,-47.488
86.75,-25,22.436,-47.436
86.7,-25,22.383,-47.383
86.65,-25,22.33,-47.33
86.6,-25,22.276,-47.276
86.55,-25,22.22,-47.22
86.5,-25,22.163,-47.163
86.45,-25,22.104,-47.104
86.4,-25,22.042,-47.042
86.35,-25,21.974,-46.974
86.3,-25,21.902,-46.902
86.25,-25,21.827,-46.827
86.2,-25,21.75,-46.75
86.15,-25,21.672,-46.672
86.1,-25,21.592,-46.592
86.05,-25,21.51,-46.51
86,-25,21.427,-46.427
85.95,-25,21.343,-46.343
85.9,-25,21.258,-46.258
85.85,-25,21.172,-46.172
85.8,-25,21.086,-46.086
85.75,-25,20.998,-45.998
85.7,-25,20.91,-45.91
85.65,-25,20.822,-45.822
85.6,-25,20.733,-45.733
85.55,-25,20.643,-45.643
85.5,-25,20.553,-45.553
85.45,-25,20.462,-45.462
85.4,-25,20.37,-45.37
85.35,-25,20.277,-45.277
85.3,-25,20.183,-45.183
85.25,-25,20.088,-45.088
85.2,-25,19.992,-44.992
85.15,-25,19.894,-44.894
85.1,-25,19.795,-44.795
85.05,-25,19.696,-44.696
85,-25,19.597,-44.597
84.95,-25,19.497,-44.497
84.9,-25,19.398,-44.398
84.85,-25,19.3,-44.3
84.8,-25,19.202,-44.202
84.75,-25,19.104,-44.104
84.7,-25,19.008,-44.008
84.65,-25,18.914,-43.914
84.6,-25,18.822,-43.822
84.55,-25,18.732,-43.732
84.5,-25,18.644,-43.644
84.45,-25,18.558,-43.558
84.4,-25,18.473,-43.473
84.35,-25,18.39,-43.39
84.3,-25,18.308,-43.308
84.25,-25,18.228,-43.228
84.2,-25,18.151,-43.151
84.15,-25,18.076,-43.076
84.1,-25,18.004,-43.004
84.05,-25,17.938,-42.938
84,-25,17.877,-42.877
83.95,-25,17.819,-42.819
83.9,-25,17.762,-42.762
83.85,-25,17.707,-42.707
83.8,-25,17.652,-42.652
83.75,-25,17.598,-42.598
83.7,-25,17.544,-42.544
83.65,-25,17.49,-42.49
83.6,-25,17.435,-42.435
83.55,-25,17.38,-42.38
83.5,-25,17.323,-42.323
83.45,-25,17.266,-42.266
83.4,-25,17.208,-42.208
83.35,-25,17.147,-42.147
83.3,-25,17.085,-42.085
83.25,-25,17.018,-42.018
83.2,-25,16.946,-41.946
83.15,-25,16.871,-41.871
83.1,-25,16.793,-41.793
83.05,-25,16.714,-41.714
83,-25,16.632,-41.632
82.95,-25,16.549,-41.549
82.9,-25,16.464,-41.464
82.85,-25,16.378,-41.378
82.8,-25,16.29,-41.29
82.75,-25,16.201,-41.201
82.7,-25,16.11,-41.11
82.65,-25,16.018,-41.018
82.6,-25,15.925,-40.925
82.55,-25,15.831,-40.831
82.5,-25,15.735,-40.735
82.45,-25,15.638,-40.638
82.4,-25,15.54,-40.54
82.35,-25,15.441,-40.441
82.3,-25,15.342,-40.342
82.25,-25,15.242,-40.242
82.2,-25,15.14,-40.14
82.15,-25,15.038,-40.038
82.1,-25,14.935,-39.935
82.05,-25,14.832,-39.832
82,-25,14.728,-39.728
81.95,-25,14.624,-39.624
81.9,-25,14.52,-39.52
81.85,-25,14.416,-39.416
81.8,-25,14.313,-39.313
81.75,-25,14.211,-39.211
81.7,-25,14.11,-39.11
81.65,-25,14.011,-39.011
81.6,-25,13.912,-38.912
81.55,-25,13.816,-38.816
81.5,-25,13.72,-38.72
81.45,-25,13.624,-38.624
81.4,-25,13.53,-38.53
81.35,-25,13.436,-38.436
81.3,-25,13.344,-38.344
81.25,-25,13.252,-38.252
81.2,-25,13.162,-38.162
81.15,-25,13.073,-38.073
81.1,-25,12.986,-37.986
81.05,-25,12.901,-37.901
81,-25,12.819,-37.819
80.95,-25,12.737,-37.737
80.9,-25,12.655,-37.655
80.85,-25,12.573,-37.573
80.8,-25,12.491,-37.491
80.75,-25,12.409,-37.409
80.7,-25,12.326,-37.326
80.65,-25,12.242,-37.242
80.6,-25,12.156,-37.156
80.55,-25,12.069,-37.069
80.5,-25,11.979,-36.979
80.45,-25,11.887,-36.887
80.4,-25,11.795,-36.795
80.35,-25,11.704,-36.704
80.3,-25,11.613,-36.613
80.25,-25,11.521,-36.521
80.2,-25,11.429,-36.429
80.15,-25,11.337,-36.337
80.1,-25,11.244,-36.244
80.05,-25,11.151,-36.151
80,-25,11.056,-36.056
79.95,-25,10.959,-35.959
79.9,-25,10.86,-35.86
79.85,-25,10.76,-35.76
79.8,-25,10.66,-35.66
79.75,-25,10.559,-35.559
79.7,-25,10.458,-35.458
79.65,-25,10.357,-35.357
79.6,-25,10.256,-35.256
79.55,-25,10.155,-35.155
79.5,-25,10.053,-35.053
79.45,-25,9.952,-34.952
79.4,-25,9.851,-34.851
79.35,-25,9.751,-34.751
79.3,-25,9.651,-34.651
79.25,-25,9.553,-34.553
79.2,-25,9.456,-34.456
79.15,-25,9.361,-34.361
79.1,-25,9.268,-34.268
79.05,-25,9.178,-34.178
79,-25,9.089,-34.089
78.95,-25,9,-34
78.9,-25,8.912,-33.912
78.85,-25,8.826,-33.826
78.8,-25,8.738,-33.738
78.75,-25,8.65,-33.65
78.7,-25,8.56,-33.56
78.65,-25,8.469,-33.469
78.6,-25,8.375,-33.375
78.55,-25,8.281,-33.281
78.5,-25,8.186,-33.186
78.45,-25,8.091,-33.091
78.4,-25,7.995,-32.995
78.35,-25,7.899,-32.899
78.3,-25,7.802,-32.802
78.25,-25,7.705,-32.705
78.2,-25,7.607,-32.607
78.15,-25,7.51,-32.51
78.1,-25,7.412,-32.412
78.05,-25,7.315,-32.315
78,-25,7.217,-32.217
77.95,-25,7.12,-32.12
77.9,-25,7.024,-32.024
77.85,-25,6.928,-31.928
77.8,-25,6.832,-31.832
77.75,-25,6.738,-31.738
77.7,-25,6.644,-31.644
77.65,-25,6.55,-31.55
77.6,-25,6.457,-31.457
77.55,-25,6.365,-31.365
77.5,-25,6.273,-31.273
77.45,-25,6.181,-31.181
77.4,-25,6.087,-31.087
77.35,-25,5.993,-30.993
77.3,-25,5.898,-30.898
77.25,-25,5.802,-30.802
77.2,-25,5.707,-30.707
77.15,-25,5.612,-30.612
77.1,-25,5.517,-30.517
77.05,-25,5.423,-30.423
77,-25,5.329,-30.329
76.95,-25,5.235,-30.235
76.9,-25,5.142,-30.142
76.85,-25,5.05,-30.05
76.8,-25,4.959,-29.959
76.75,-25,4.868,-29.868
76.7,-25,4.778,-29.778
76.65,-25,4.69,-29.69
76.6,-25,4.602,-29.602
76.55,-25,4.515,-29.515
76.5,-25,4.429,-29.429
76.45,-25,4.343,-29.343
76.4,-25,4.259,-29.259
76.35,-25,4.176,-29.176
76.3,-25,4.093,-29.093
76.25,-25,4.012,-29.012
76.2,-25,3.931,-28.931
76.15,-25,3.851,-28.851
76.1,-25,3.772,-28.772
76.05,-25,3.695,-28.695
76,-25,3.618,-28.618
75.95,-25,3.541,-28.541
75.9,-25,3.466,-28.466
75.85,-25,3.391,-28.391
75.8,-25,3.318,-28.318
75.75,-25,3.245,-28.245
75.7,-25,3.173,-28.173
75.65,-25,3.103,-28.103
75.6,-25,3.033,-28.033
75.55,-25,2.964,-27.964
75.5,-25,2.896,-27.896
75.45,-25,2.828,-27.828
75.4,-25,2.762,-27.762
75.35,-25,2.697,-27.697
75.3,-25,2.632,-27.632
75.25,-25,2.569,-27.569
75.2,-25,2.507,-27.507
75.15,-25,2.445,-27.445
75.1,-25,2.385,-27.385
75.05,-25,2.326,-27.326
75,-25,2.268,-27.268
74.95,-25,2.21,-27.21
74.9,-25,2.154,-27.154
74.85,-25,2.099,-27.099
74.8,-25,2.045,-27.045
74.75,-25,1.992,-26.992
74.7,-25,1.94,-26.94
74.65,-25,1.888,-26.888
74.6,-25,1.839,-26.839
74.55,-25,1.79,-26.79
74.5,-25,1.742,-26.742
74.45,-25,1.695,-26.695
74.4,-25,1.649,-26.649
74.35,-25,1.605,-26.605
74.3,-25,1.561,-26.561
74.25,-25,1.518,-26.518
74.2,-25,1.477,-26.477
74.15,-25,1.436,-26.436
74.1,-25,1.397,-26.397
74.05,-25,1.359,-26.359
74,-25,1.321,-26.321
73.95,-25,1.285,-26.285
73.9,-25,1.25,-26.25
73.85,-25,1.216,-26.216
73.8,-25,1.183,-26.183
73.75,-25,1.151,-26.151
73.7,-25,1.12,-26.12
73.65,-25,1.091,-26.091
73.6,-25,1.062,-26.062
73.55,-25,1.035,-26.035
73.5,-25,1.01,-26.01
73.45,-25,0.989,-25.989
73.4,-25,0.976,-25.976
73.35,-25,0.965,-25.965
73.3,-25,0.955,-25.955
73.25,-25,0.947,-25.947
73.2,-25,0.938,-25.938
73.15,-25,0.931,-25.931
73.1,-25,0.923,-25.923
73.05,-25,0.916,-25.916
73,-25,0.909,-25.909
72.95,-25,0.902,-25.902
72.9,-25,0.896,-25.896
72.85,-25,0.889,-25.889
72.8,-25,0.883,-25.883
72.75,-25,0.877,-25.877
72.7,-25,0.871,-25.871
72.65,-25,0.865,-25.865
72.6,-25,0.859,-25.859
72.55,-25,0.853,-25.853
72.5,-25,0.847,-25.847
72.45,-25,0.842,-25.842
72.4,-25,0.836,-25.836
72.35,-25,0.83,-25.83
72.3,-25,0.825,-25.825
72.25,-25,0.82,-25.82
72.2,-25,0.814,-25.814
72.15,-25,0.809,-25.809
72.1,-25,0.803,-25.803
72.05,-25,0.798,-25.798
72,-25,0.793,-25.793
71.95,-25,0.788,-25.788
71.9,-25,0.783,-25.783
71.85,-25,0.778,-25.778
71.8,-25,0.773,-25.773
71.75,-25,0.768,-25.768
71.7,-25,0.763,-25.763
71.65,-25,0.758,-25.758
71.6,-25,0.753,-25.753
71.55,-25,0.748,-25.748
71.5,-25,0.743,-25.743
71.45,-25,0.738,-25.738
71.4,-25,0.734,-25.734
71.35,-25,0.729,-25.729
71.3,-25,0.724,-25.724
71.25,-25,0.72,-25.72
71.2,-25,0.715,-25.715
71.15,-25,0.711,-25.711
71.1,-25,0.706,-25.706
71.05,-25,0.701,-25.701
71,-25,0.697,-25.697
70.95,-25,0.692,-25.692
70.9,-25,0.688,-25.688
70.85,-25,0.683,-25.683
70.8,-25,0.679,-25.679
70.75,-25,0.674,-25.674
70.7,-25,0.67,-25.67
70.65,-25,0.666,-25.666
70.6,-25,0.661,-25.661
70.55,-25,0.657,-25.657
70.5,-25,0.652,-25.652
70.45,-25,0.648,-25.648
70.4,-25,0.644,-25.644
70.35,-25,0.639,-25.639
70.3,-25,0.635,-25.635
70.25,-25,0.631,-25.631
70.2,-25,0.626,-25.626
70.15,-25,0.622,-25.622
70.1,-25,0.618,-25.618
70.05,-25,0.614,-25.614
70,-25,0.609,-25.609
69.95,-25,0.605,-25.605
69.9,-25,0.601,-25.601
69.85,-25,0.597,-25.597
69.8,-25,0.592,-25.592
69.75,-25,0.588,-25.588
69.7,-25,0.584,-25.584
69.65,-25,0.58,-25.58
69.6,-25,0.576,-25.576
69.55,-25,0.572,-25.572
69.5,-25,0.568,-25.568
69.45,-25,0.564,-25.564
69.4,-25,0.56,-25.56
69.35,-25,0.556,-25.556
69.3,-25,0.552,-25.552
69.25,-25,0.548,-25.548
69.2,-25,0.544,-25.544
69.15,-25,0.54,-25.54
69.1,-25,0.536,-25.536
69.05,-25,0.532,-25.532
69,-25,0.528,-25.528
68.95,-25,0.524,-25.524
68.9,-25,0.52,-25.52
68.85,-25,0.516,-25.516
68.8,-25,0.512,-25.512
68.75,-25,0.508,-25.508
68.7,-25,0.504,-25.504
68.65,-25,0.501,-25.501
68.6,-25,0.497,-25.497
68.55,-25,0.493,-25.493
68.5,-25,0.489,-25.489
68.45,-25,0.486,-25.486
68.4,-25,0.482,-25.482
68.35,-25,0.479,-25.479
68.3,-25,0.475,-25.475
68.25,-25,0.472,-25.472
68.2,-25,0.468,-25.468
68.15,-25,0.465,-25.465
68.1,-25,0.461,-25.461
68.05,-25,0.458,-25.458
68,-25,0.455,-25.455
67.95,-25,0.451,-25.451
67.9,-25,0.448,-25.448
67.85,-25,0.445,-25.445
67.8,-25,0.442,-25.442
67.75,-25,0.439,-25.439
67.7,-25,0.435,-25.435
67.65,-25,0.432,-25.432
67.6,-25,0.429,-25.429
67.55,-25,0.426,-25.426
67.5,-25,0.423,-25.423
67.45,-25,0.42,-25.42
67.4,-25,0.417,-25.417
67.35,-25,0.415,-25.415
67.3,-25,0.412,-25.412
67.25,-25,0.409,-25.409
67.2,-25,0.406,-25.406
67.15,-25,0.403,-25.403
67.1,-25,0.401,-25.401
67.05,-25,0.398,-25.398
67,-25,0.395,-25.395
66.95,-25,0.392,-25.392
66.9,-25,0.39,-25.39
66.85,-25,0.387,-25.387
66.8,-25,0.384,-25.384
66.75,-25,0.382,-25.382
66.7,-25,0.379,-25.379
66.65,-25,0.377,-25.377
66.6,-25,0.374,-25.374
66.55,-25,0.371,-25.371
66.5,-25,0.369,-25.369
66.45,-25,0.366,-25.366
66.4,-25,0.364,-25.364
66.35,-25,0.361,-25.361
66.3,-25,0.359,-25.359
66.25,-25,0.356,-25.356
66.2,-25,0.354,-25.354
66.15,-25,0.351,-25.351
66.1,-25,0.349,-25.349
66.05,-25,0.347,-25.347
66,-25,0.344,-25.344
65.95,-25,0.342,-25.342
65.9,-25,0.339,-25.339
65.85,-25,0.337,-25.337
65.8,-25,0.335,-25.335
65.75,-25,0.332,-25.332
65.7,-25,0.33,-25.33
65.65,-25,0.327,-25.327
65.6,-25,0.325,-25.325
65.55,-25,0.323,-25.323
65.5,-25,0.321,-25.321
65.45,-25,0.318,-25.318
65.4,-25,0.316,-25.316
65.35,-25,0.314,-25.314
65.3,-25,0.311,-25.311
65.25,-25,0.309,-25.309
65.2,-25,0.307,-25.307
65.15,-25,0.305,-25.305
65.1,-25,0.302,-25.302
65.05,-25,0.3,-25.3
65,-25,0.298,-25.298
64.95,-25,0.296,-25.296
64.9,-25,0.294,-25.294
64.85,-25,0.291,-25.291
64.8,-25,0.289,-25.289
64.75,-25,0.287,-25.287
64.7,-25,0.285,-25.285
64.65,-25,0.283,-25.283
64.6,-25,0.281,-25.281
64.55,-25,0.278,-25.278
64.5,-25,0.276,-25.276
64.45,-25,0.274,-25.274
64.4,-25,0.272,-25.272
64.35,-25,0.27,-25.27
64.3,-25,0.268,-25.268
64.25,-25,0.266,-25.266
64.2,-25,0.264,-25.264
64.15,-25,0.262,-25.262
64.1,-25,0.26,-25.26
64.05,-25,0.257,-25.257
64,-25,0.255,-25.255
63.95,-25,0.253,-25.253
63.9,-25,0.251,-25.251
63.85,-25,0.249,-25.249
63.8,-25,0.247,-25.247
63.75,-25,0.245,-25.245
63.7,-25,0.243,-25.243
63.65,-25,0.241,-25.241
63.6,-25,0.239,-25.239
63.55,-25,0.237,-25.237
63.5,-25,0.235,-25.235
63.45,-25,0.233,-25.233
63.4,-25,0.231,-25.231
63.35,-25,0.229,-25.229
63.3,-25,0.228,-25.228
63.25,-25,0.226,-25.226
63.2,-25,0.224,-25.224
63.15,-25,0.222,-25.222
63.1,-25,0.22,-25.22
63.05,-25,0.218,-25.218
63,-25,0.216,-25.216
62.95,-25,0.214,-25.214
62.9,-25,0.213,-25.213
62.85,-25,0.211,-25.211
62.8,-25,0.209,-25.209
62.75,-25,0.207,-25.207
62.7,-25,0.205,-25.205
62.65,-25,0.203,-25.203
62.6,-25,0.202,-25.202
62.55,-25,0.2,-25.2
62.5,-25,0.198,-25.198
62.45,-25,0.196,-25.196
62.4,-25,0.195,-25.195
62.35,-25,0.193,-25.193
62.3,-25,0.191,-25.191
62.25,-25,0.189,-25.189
62.2,-25,0.188,-25.188
62.15,-25,0.186,-25.186
62.1,-25,0.184,-25.184
62.05,-25,0.183,-25.183
62,-25,0.181,-25.181
61.95,-25,0.179,-25.179
61.9,-25,0.178,-25.178
61.85,-25,0.176,-25.176
61.8,-25,0.174,-25.174
61.75,-25,0.173,-25.173
61.7,-25,0.171,-25.171
61.65,-25,0.169,-25.169
61.6,-25,0.168,-25.168
61.55,-25,0.166,-25.166
61.5,-25,0.165,-25.165
61.45,-25,0.163,-25.163
61.4,-25,0.161,-25.161
61.35,-25,0.16,-25.16
61.3,-25,0.158,-25.158
61.25,-25,0.157,-25.157
61.2,-25,0.155,-25.155
61.15,-25,0.154,-25.154
61.1,-25,0.152,-25.152
61.05,-25,0.151,-25.151
61,-25,0.149,-25.149
60.95,-25,0.148,-25.148
60.9,-25,0.146,-25.146
60.85,-25,0.145,-25.145
60.8,-25,0.143,-25.143
60.75,-25,0.142,-25.142
60.7,-25,0.14,-25.14
60.65,-25,0.139,-25.139
60.6,-25,0.137,-25.137
60.55,-25,0.136,-25.136
60.5,-25,0.135,-25.135
60.45,-25,0.133,-25.133
60.4,-25,0.132,-25.132
60.35,-25,0.13,-25.13
60.3,-25,0.129,-25.129
60.25,-25,0.128,-25.128
60.2,-25,0.126,-25.126
60.15,-25,0.125,-25.125
60.1,-25,0.124,-25.124
60.05,-25,0.122,-25.122
60,-25,0.121,-25.121
59.95,-25,0.12,-25.12
59.9,-25,0.118,-25.118
59.85,-25,0.117,-25.117
59.8,-25,0.116,-25.116
59.75,-25,0.114,-25.114
59.7,-25,0.113,-25.113
59.65,-25,0.112,-25.112
59.6,-25,0.111,-25.111
59.55,-25,0.109,-25.109
59.5,-25,0.108,-25.108
59.45,-25,0.107,-25.107
59.4,-25,0.106,-25.106
59.35,-25,0.104,-25.104
59.3,-25,0.103,-25.103
59.25,-25,0.102,-25.102
59.2,-25,0.101,-25.101
59.15,-25,0.1,-25.1
59.1,-25,0.098,-25.098
59.05,-25,0.097,-25.097
59,-25,0.096,-25.096
58.95,-25,0.095,-25.095
58.9,-25,0.094,-25.094
58.85,-25,0.093,-25.093
58.8,-25,0.092,-25.092
58.75,-25,0.09,-25.09
58.7,-25,0.089,-25.089
58.65,-25,0.088,-25.088
58.6,-25,0.087,-25.087
58.55,-25,0.086,-25.086
58.5,-25,0.085,-25.085
58.45,-25,0.084,-25.084
58.4,-25,0.083,-25.083
58.35,-25,0.082,-25.082
58.3,-25,0.081,-25.081
58.25,-25,0.08,-25.08
58.2,-25,0.079,-25.079
58.15,-25,0.078,-25.078
58.1,-25,0.077,-25.077
58.05,-25,0.076,-25.076
58,-25,0.075,-25.075
57.95,-25,0.074,-25.074
57.9,-25,0.073,-25.073
57.85,-25,0.072,-25.072
57.8,-25,0.071,-25.071
57.75,-25,0.07,-25.07
57.7,-25,0.069,-25.069
57.65,-25,0.068,-25.068
57.6,-25,0.067,-25.067
57.55,-25,0.066,-25.066
57.5,-25,0.065,-25.065
57.45,-25,0.064,-25.064
57.4,-25,0.063,-25.063
57.35,-25,0.062,-25.062
57.3,-25,0.062,-25.062
57.25,-25,0.061,-25.061
57.2,-25,0.06,-25.06
57.15,-25,0.059,-25.059
57.1,-25,0.058,-25.058
57.05,-25,0.057,-25.057
57,-25,0.056,-25.056
56.95,-25,0.056,-25.056
56.9,-25,0.055,-25.055
56.85,-25,0.054,-25.054
56.8,-25,0.053,-25.053
56.75,-25,0.052,-25.052
56.7,-25,0.051,-25.051
56.65,-25,0.051,-25.051
56.6,-25,0.05,-25.05
56.55,-25,0.049,-25.049
56.5,-25,0.048,-25.048
56.45,-25,0.048,-25.048
56.4,-25,0.047,-25.047
56.35,-25,0.046,-25.046
56.3,-25,0.045,-25.045
56.25,-25,0.045,-25.045
56.2,-25,0.044,-25.044
56.15,-25,0.043,-25.043
56.1,-25,0.042,-25.042
56.05,-25,0.042,-25.042
56,-25,0.041,-25.041
55.95,-25,0.04,-25.04
55.9,-25,0.04,-25.04
55.85,-25,0.039,-25.039
55.8,-25,0.038,-25.038
55.75,-25,0.038,-25.038
55.7,-25,0.037,-25.037
55.65,-25,0.036,-25.036
55.6,-25,0.036,-25.036
55.55,-25,0.035,-25.035
55.5,-25,0.034,-25.034
55.45,-25,0.034,-25.034
55.4,-25,0.033,-25.033
55.35,-25,0.032,-25.032
55.3,-25,0.032,-25.032
55.25,-25,0.031,-25.031
55.2,-25,0.031,-25.031
55.15,-25,0.03,-25.03
55.1,-25,0.03,-25.03
55.05,-25,0.029,-25.029
55,-25,0.028,-25.028
54.95,-25,0.028,-25.028
54.9,-25,0.027,-25.027
54.85,-25,0.027,-25.027
54.8,-25,0.026,-25.026
54.75,-25,0.026,-25.026
54.7,-25,0.025,-25.025
54.65,-25,0.025,-25.025
54.6,-25,0.024,-25.024
54.55,-25,0.023,-25.023
54.5,-25,0.023,-25.023
54.45,-25,0.022,-25.022
54.4,-25,0.022,-25.022
54.35,-25,0.021,-25.021
54.3,-25,0.021,-25.021
54.25,-25,0.02,-25.02
54.2,-25,0.02,-25.02
54.15,-25,0.02,-25.02
54.1,-25,0.019,-25.019
54.05,-25,0.019,-25.019
54,-25,0.018,-25.018
53.95,-25,0.018,-25.018
53.9,-25,0.017,-25.017
53.85,-25,0.017,-25.017
53.8,-25,0.016,-25.016
53.75,-25,0.016,-25.016
53.7,-25,0.016,-25.016
53.65,-25,0.015,-25.015
53.6,-25,0.015,-25.015
53.55,-25,0.014,-25.014
53.5,-25,0.014,-25.014
53.45,-25,0.014,-25.014
53.4,-25,0.013,-25.013
53.35,-25,0.013,-25.013
53.3,-25,0.012,-25.012
53.25,-25,0.012,-25.012
53.2,-25,0.012,-25.012
53.15,-25,0.011,-25.011
53.1,-25,0.011,-25.011
53.05,-25,0.011,-25.011
53,-25,0.01,-25.01
52.95,-25,0.01,-25.01
52.9,-25,0.01,-25.01
52.85,-25,0.009,-25.009
52.8,-25,0.009,-25.009
52.75,-25,0.009,-25.009
52.7,-25,0.008,-25.008
52.65,-25,0.008,-25.008
52.6,-25,0.008,-25.008
52.55,-25,0.007,-25.007
52.5,-25,0.007,-25.007
52.45,-25,0.007,-25.007
52.4,-25,0.007,-25.007
52.35,-25,0.006,-25.006
52.3,-25,0.006,-25.006
52.25,-25,0.006,-25.006
52.2,-25,0.006,-25.006
52.15,-25,0.005,-25.005
52.1,-25,0.005,-25.005
52.05,-25,0.005,-25.005
52,-25,0.005,-25.005
51.95,-25,0.004,-25.004
51.9,-25,0.004,-25.004
51.85,-25,0.004,-25.004
51.8,-25,0.004,-25.004
51.75,-25,0.003,-25.003
51.7,-25,0.003,-25.003
51.65,-25,0.003,-25.003
51.6,-25,0.003,-25.003
51.55,-25,0.003,-25.003
51.5,-25,0.002,-25.002
51.45,-25,0.002,-25.002
51.4,-25,0.002,-25.002
51.35,-25,0.002,-25.002
51.3,-25,0.002,-25.002
51.25,-25,0.002,-25.002
51.2,-25,0.002,-25.002
51.15,-25,0.001,-25.001
51.1,-25,0.001,-25.001
51.05,-25,0.001,-25.001
51,-25,0.001,-25.001
50.95,-25,0.001,-25.001
50.9,-25,0.001,-25.001
50.85,-25,0.001,-25.001
50.8,-25,0.001,-25.001
50.75,-25,0,-25
50.7,-25,0,-25
50.65,-25,0,-25
50.6,-25,0,-25
50.55,-25,0,-25
50.5,-25,0,-25
50.45,-25,0,-25
50.4,-25,0,-25
50.35,-25,0,-25
50.3,-25,0,-25
50.25,-25,0,-25
50.2,-25,0,-25
50.15,-25,0,-25
50.1,-25,0,-25
50.05,-25,0,-25
50,-25,0,-25
49.95,-25,0,-25
49.9,-25,0,-25
49.85,-25,0,-25
49.8,-25,0,-25
49.75,-25,0,-25
49.7,-25,0,-25
49.65,-25,0,-25
49.6,-25,0,-25
49.55,-25,0,-25
49.5,-25,0,-25
49.45,-25,0,-25
49.4,-25,0,-25
49.35,-25,0,-25
49.3,-25,0,-25
49.25,-25,0,-25
49.2,-25,0,-25
49.15,-25,0,-25
49.1,-25,0,-25
49.05,-25,0,-25
49,-25,0,-25
48.95,-25,0,-25
48.9,-25,0,-25
48.85,-25,0,-25
48.8,-25,0,-25
48.75,-25,0,-25
48.7,-25,0,-25
48.65,-25,0,-25
48.6,-25,0,-25
48.55,-25,0,-25
48.5,-25,0,-25
48.45,-25,0,-25
48.4,-25,0,-25
48.35,-25,0,-25
48.3,-25,0,-25
48.25,-25,0,-25
48.2,-25,0,-25
48.15,-25,0,-25
48.1,-25,0,-25
48.05,-25,0,-25
48,-25,0,-25
47.95,-25,0,-25
47.9,-25,0,-25
47.85,-25,0,-25
47.8,-25,0,-25
47.75,-25,0,-25
47.7,-25,0,-25
47.65,-25,0,-25
47.6,-25,0,-25
47.55,-25,0,-25
47.5,-25,0,-25
47.45,-25,0,-25
47.4,-25,0,-25
47.35,-25,0,-25
47.3,-25,0,-25
47.25,-25,0,-25
47.2,-25,0,-25
47.15,-25,0,-25
47.1,-25,0,-25
47.05,-25,0,-25
47,-25,0,-25
46.95,-25,0,-25
46.9,-25,0,-25
46.85,-25,0,-25
46.8,-25,0,-25
46.75,-25,0,-25
46.7,-25,0,-25
46.65,-25,0,-25
46.6,-25,0,-25
46.55,-25,0,-25
46.5,-25,0,-25
46.45,-25,0,-25
46.4,-25,0,-25
46.35,-25,0,-25
46.3,-25,0,-25
46.25,-25,0,-25
46.2,-25,0,-25
46.15,-25,0,-25
46.1,-25,0,-25
46.05,-25,0,-25
46,-25,0,-25
45.95,-25,0,-25
45.9,-25,0,-25
45.85,-25,0,-25
45.8,-25,0,-25
45.75,-25,0,-25
45.7,-25,0,-25
45.65,-25,0,-25
45.6,-25,0,-25
45.55,-25,0,-25
45.5,-25,0,-25
45.45,-25,0,-25
45.4,-25,0,-25
45.35,-25,0,-25
45.3,-25,0,-25
45.25,-25,0,-25
45.2,-25,0,-25
45.15,-25,0,-25
45.1,-25,0,-25
45.05,-25,0,-25
45,-25,0,-25
44.95,-25,0,-25
44.9,-25,0,-25
44.85,-25,0,-25
44.8,-25,0,-25
44.75,-25,0,-25
44.7,-25,0,-25
44.65,-25,0,-25
44.6,-25,0,-25
44.55,-25,0,-25
44.5,-25,0,-25
44.45,-25,0,-25
44.4,-25,0,-25
44.35,-25,0,-25
44.3,-25,0,-25
44.25,-25,0,-25
44.2,-25,0,-25
44.15,-25,0,-25
44.1,-25,0,-25
44.05,-25,0,-25
44,-25,0,-25
43.95,-25,0,-25
43.9,-25,0,-25
43.85,-25,0,-25
43.8,-25,0,-25
43.75,-25,0,-25
43.7,-25,0,-25
43.65,-25,0,-25
43.6,-25,0,-25
43.55,-25,0,-25
43.5,-25,0,-25
43.45,-25,0,-25
43.4,-25,0,-25
43.35,-25,0,-25
43.3,-25,0,-25
43.25,-25,0,-25
43.2,-25,0,-25
43.15,-25,0,-25
43.1,-25,0,-25
43.05,-25,0,-25
43,-25,0,-25
42.95,-25,0,-25
42.9,-25,0,-25
42.85,-25,0,-25
42.8,-25,0,-25
42.75,-25,0,-25
42.7,-25,0,-25
42.65,-25,0,-25
42.6,-25,0,-25
42.55,-25,0,-25
42.5,-25,0,-25
42.45,-25,0,-25
42.4,-25,0,-25
42.35,-25,0,-25
42.3,-25,0,-25
42.25,-25,0,-25
42.2,-25,0,-25
42.15,-25,0,-25
42.1,-25,0,-25
42.05,-25,0,-25
42,-25,0,-25
41.95,-25,0,-25
41.9,-25,0,-25
41.85,-25,0,-25
41.8,-25,0,-25
41.75,-25,0,-25
41.7,-25,0,-25
41.65,-25,0,-25
41.6,-25,0,-25
41.55,-25,0,-25
41.5,-25,0,-25
41.45,-25,0,-25
41.4,-25,0,-25
41.35,-25,0,-25
41.3,-25,0,-25
41.25,-25,0,-25
41.2,-25,0,-25
41.15,-25,0,-25
41.1,-25,0,-25
41.05,-25,0,-25
41,-25,0,-25
40.95,-25,0,-25
40.9,-25,0,-25
40.85,-25,0,-25
40.8,-25,0,-25
40.75,-25,0,-25
40.7,-25,0,-25
40.65,-25,0,-25
40.6,-25,0,-25
40.55,-25,0,-25
40.5,-25,0,-25
40.45,-25,0,-25
40.4,-25,0,-25
40.35,-25,0,-25
40.3,-25,0,-25
40.25,-25,0,-25
40.2,-25,0,-25
40.15,-25,0,-25
40.1,-25,0,-25
40.05,-25,0,-25
40,-25,0,-25
39.95,-25,0,-25
39.9,-25,0,-25
39.85,-25,0,-25
39.8,-25,0,-25
39.75,-25,0,-25
39.7,-25,0,-25
39.65,-25,0,-25
39.6,-25,0,-25
39.55,-25,0,-25
39.5,-25,0,-25
39.45,-25,0,-25
39.4,-25,0,-25
39.35,-25,0,-25
39.3,-25,0,-25
39.25,-25,0,-25
39.2,-25,0,-25
39.15,-25,0,-25
39.1,-25,0,-25
39.05,-25,0,-25
39,-25,0,-25
38.95,-25,0,-25
38.9,-25,0,-25
38.85,-25,0,-25
38.8,-25,0,-25
38.75,-25,0,-25
38.7,-25,0,-25
38.65,-25,0,-25
38.6,-25,0,-25
38.55,-25,0,-25
38.5,-25,0,-25
38.45,-25,0,-25
38.4,-25,0,-25
38.35,-25,0,-25
38.3,-25,0,-25
38.25,-25,0,-25
38.2,-25,0,-25
38.15,-25,0,-25
38.1,-25,0,-25
38.05,-25,0,-25
38,-25,0,-25
37.95,-25,0,-25
37.9,-25,0,-25
37.85,-25,0,-25
37.8,-25,0,-25
37.75,-25,0,-25
37.7,-25,0,-25
37.65,-25,0,-25
37.6,-25,0,-25
37.55,-25,0,-25
37.5,-25,0,-25
37.45,-25,0,-25
37.4,-25,0,-25
37.35,-25,0,-25
37.3,-25,0,-25
37.25,-25,0,-25
37.2,-25,0,-25
37.15,-25,0,-25
37.1,-25,0,-25
37.05,-25,0,-25
37,-25,0,-25
36.95,-25,0,-25
36.9,-25,0,-25
36.85,-25,0,-25
36.8,-25,0,-25
36.75,-25,0,-25
36.7,-25,0,-25
36.65,-25,0,-25
36.6,-25,0,-25
36.55,-25,0,-25
36.5,-25,0,-25
36.45,-25,0,-25
36.4,-25,0,-25
36.35,-25,0,-25
36.3,-25,0,-25
36.25,-25,0,-25
36.2,-25,0,-25
36.15,-25,0,-25
36.1,-25,0,-25
36.05,-25,0,-25
36,-25,0,-25
35.95,-25,0,-25
35.9,-25,0,-25
35.85,-25,0,-25
35.8,-25,0,-25
35.75,-25,0,-25
35.7,-25,0,-25
35.65,-25,0,-25
35.6,-25,0,-25
35.55,-25,0,-25
35.5,-25,0,-25
35.45,-25,0,-25
35.4,-25,0,-25
35.35,-25,0,-25
35.3,-25,0,-25
35.25,-25,0,-25
35.2,-25,0,-25
35.15,-25,0,-25
35.1,-25,0,-25
35.05,-25,0,-25
35,-25,0,-25
34.95,-25,0,-25
34.9,-25,0,-25
34.85,-25,0,-25
34.8,-25,0,-25
34.75,-25,0,-25
34.7,-25,0,-25
34.65,-25,0,-25
34.6,-25,0,-25
34.55,-25,0,-25
34.5,-25,0,-25
34.45,-25,0,-25
34.4,-25,0,-25
34.35,-25,0,-25
34.3,-25,0,-25
34.25,-25,0,-25
34.2,-25,0,-25
34.15,-25,0,-25
34.1,-25,0,-25
34.05,-25,0,-25
34,-25,0,-25
33.95,-25,0,-25
33.9,-25,0,-25
33.85,-25,0,-25
33.8,-25,0,-25
33.75,-25,0,-25
33.7,-25,0,-25
33.65,-25,0,-25
33.6,-25,0,-25
33.55,-25,0,-25
33.5,-25,0,-25
33.45,-25,0,-25
33.4,-25,0,-25
33.35,-25,0,-25
33.3,-25,0,-25
33.25,-25,0,-25
33.2,-25,0,-25
33.15,-25,0,-25
33.1,-25,0,-25
33.05,-25,0,-25
33,-25,0,-25
32.95,-25,0,-25
32.9,-25,0,-25
32.85,-25,0,-25
32.8,-25,0,-25
32.75,-25,0,-25
32.7,-25,0,-25
32.65,-25,0,-25
32.6,-25,0,-25
32.55,-25,0,-25
32.5,-25,0,-25
32.45,-25,0,-25
32.4,-25,0,-25
32.35,-25,0,-25
32.3,-25,0,-25
32.25,-25,0,-25
32.2,-25,0,-25
32.15,-25,0,-25
32.1,-25,0,-25
32.05,-25,0,-25
32,-25,0,-25
31.95,-25,0,-25
31.9,-25,0,-25
31.85,-25,0,-25
31.8,-25,0,-25
31.75,-25,0,-25
31.7,-25,0,-25
31.65,-25,0,-25
31.6,-25,0,-25
31.55,-25,0,-25
31.5,-25,0,-25
31.45,-25,0,-25
31.4,-25,0,-25
31.35,-25,0,-25
31.3,-25,0,-25
31.25,-25,0,-25
31.2,-25,0,-25
31.15,-25,0,-25
31.1,-25,0,-25
31.05,-25,0,-25
31,-25,0,-25
30.95,-25,0,-25
30.9,-25,0,-25
30.85,-25,0,-25
30.8,-25,0,-25
30.75,-25,0,-25
30.7,-25,0,-25
30.65,-25,0,-25
30.6,-25,0,-25
30.55,-25,0,-25
30.5,-25,0,-25
30.45,-25,0,-25
30.4,-25,0,-25
30.35,-25,0,-25
30.3,-25,0,-25
30.25,-25,0,-25
30.2,-25,0,-25
30.15,-25,0,-25
30.1,-25,0,-25
30.05,-25,0,-25
30,-25,0,-25
29.95,-25,0,-25
29.9,-25,0,-25
29.85,-25,0,-25
29.8,-25,0,-25
29.75,-25,0,-25
29.7,-25,0,-25
29.65,-25,0,-25
29.6,-25,0,-25
29.55,-25,0,-25
29.5,-25,0,-25
29.45,-25,0,-25
29.4,-25,0,-25
29.35,-25,0,-25
29.3,-25,0,-25
29.25,-25,0,-25
29.2,-25,0,-25
29.15,-25,0,-25
29.1,-25,0,-25
29.05,-25,0,-25
29,-25,0,-25
28.95,-25,0,-25
28.9,-25,0,-25
28.85,-25,0,-25
28.8,-25,0,-25
28.75,-25,0,-25
28.7,-25,0,-25
28.65,-25,0,-25
28.6,-25,0,-25
28.55,-25,0,-25
28.5,-25,0,-25
28.45,-25,0,-25
28.4,-25,0,-25
28.35,-25,0,-25
28.3,-25,0,-25
28.25,-25,0,-25
28.2,-25,0,-25
28.15,-25,0,-25
28.1,-25,0,-25
28.05,-25,0,-25
28,-25,0,-25
27.95,-25,0,-25
27.9,-25,0,-25
27.85,-25,0,-25
27.8,-25,0,-25
27.75,-25,0,-25
27.7,-25,0,-25
27.65,-25,0,-25
27.6,-25,0,-25
27.55,-25,0,-25
27.5,-25,0,-25
27.45,-25,0,-25
27.4,-25,0,-25
27.35,-25,0,-25
27.3,-25,0,-25
27.25,-25,0,-25
27.2,-25,0,-25
27.15,-25,0,-25
27.1,-25,0,-25
27.05,-25,0,-25
27,-25,0,-25
26.95,-25,0,-25
26.9,-25,0,-25
26.85,-25,0,-25
26.8,-25,0,-25
26.75,-25,0,-25
26.7,-25,0,-25
26.65,-25,0,-25
26.6,-25,0,-25
26.55,-25,0,-25
26.5,-25,0,-25
26.45,-25,0,-25
26.4,-25,0,-25
26.35,-25,0,-25
26.3,-25,0,-25
26.25,-25,0,-25
26.2,-25,0,-25
26.15,-25,0,-25
26.1,-25,0,-25
26.05,-25,0,-25
26,-25,0,-25
25.95,-25,0,-25
25.9,-25,0,-25
25.85,-25,0,-25
25.8,-25,0,-25
25.75,-25,0,-25
25.7,-25,0,-25
25.65,-25,0,-25
25.6,-25,0,-25
25.55,-25,0,-25
25.5,-25,0,-25
25.45,-25,0,-25
25.4,-25,0,-25
25.35,-25,0,-25
25.3,-25,0,-25
25.25,-25,0,-25
25.2,-25,0,-25
25.15,-25,0,-25
25.1,-25,0,-25
25.05,-25,0,-25
25,-25,0,-25
24.95,-25,0,-25
24.9,-25,0,-25
24.85,-25,0,-25
24.8,-25,0,-25
24.75,-25,0,-25
24.7,-25,0,-25
24.65,-25,0,-25
24.6,-25,0,-25
24.55,-25,0,-25
24.5,-25,0,-25
24.45,-25,0,-25
24.4,-25,0,-25
24.35,-25,0,-25
24.3,-25,0,-25
24.25,-25,0,-25
24.2,-25,0,-25
24.15,-25,0,-25
24.1,-25,0,-25
24.05,-25,0,-25
24,-25,0,-25
23.95,-25,0,-25
23.9,-25,0,-25
23.85,-25,0,-25
23.8,-25,0,-25
23.75,-25,0,-25
23.7,-25,0,-25
23.65,-25,0,-25
23.6,-25,0,-25
23.55,-25,0,-25
23.5,-25,0,-25
23.45,-25,0,-25
23.4,-25,0,-25
23.35,-25,0,-25
23.3,-25,0,-25
23.25,-25,0,-25
23.2,-25,0,-25
23.15,-25,0,-25
23.1,-25,0,-25
23.05,-25,0,-25
23,-25,0,-25
22.95,-25,0,-25
22.9,-25,0,-25
22.85,-25,0,-25
22.8,-25,0,-25
22.75,-25,0,-25
22.7,-25,0,-25
22.65,-25,0,-25
22.6,-25,0,-25
22.55,-25,0,-25
22.5,-25,0,-25
22.45,-25,0,-25
22.4,-25,0,-25
22.35,-25,0,-25
22.3,-25,0,-25
22.25,-25,0,-25
22.2,-25,0,-25
22.15,-25,0,-25
22.1,-25,0,-25
22.05,-25,0,-25
22,-25,0,-25
21.95,-25,0,-25
21.9,-25,0,-25
21.85,-25,0,-25
21.8,-25,0,-25
21.75,-25,0,-25
21.7,-25,0,-25
21.65,-25,0,-25
21.6,-25,0,-25
21.55,-25,0,-25
21.5,-25,0,-25
21.45,-25,0,-25
21.4,-25,0,-25
21.35,-25,0,-25
21.3,-25,0,-25
21.25,-25,0,-25
21.2,-25,0,-25
21.15,-25,0,-25
21.1,-25,0,-25
21.05,-25,0,-25
21,-25,0,-25
20.95,-25,0,-25
20.9,-25,0,-25
20.85,-25,0,-25
20.8,-25,0,-25
20.75,-25,0,-25
20.7,-25,0,-25
20.65,-25,0,-25
20.6,-25,0,-25
20.55,-25,0,-25
20.5,-25,0,-25
20.45,-25,0,-25
20.4,-25,0,-25
20.35,-25,0,-25
20.3,-25,0,-25
20.25,-25,0,-25
20.2,-25,0,-25
20.15,-25,0,-25
20.1,-25,0,-25
20.05,-25,0,-25
20,-25,0,-25
19.95,-25,0,-25
19.9,-25,0,-25
19.85,-25,0,-25
19.8,-25,0,-25
19.75,-25,0,-25
19.7,-25,0,-25
19.65,-25,0,-25
19.6,-25,0,-25
19.55,-25,0,-25
19.5,-25,0,-25
19.45,-25,0,-25
19.4,-25,0,-25
19.35,-25,0,-25
19.3,-25,0,-25
19.25,-25,0,-25
19.2,-25,0,-25
19.15,-25,0,-25
19.1,-25,0,-25
19.05,-25,0,-25
19,-25,0,-25
18.95,-25,0,-25
18.9,-25,0,-25
18.85,-25,0,-25
18.8,-25,0,-25
18.75,-25,0,-25
18.7,-25,0,-25
18.65,-25,0,-25
18.6,-25,0,-25
18.55,-25,0,-25
18.5,-25,0,-25
18.45,-25,0,-25
18.4,-25,0,-25
18.35,-25,0,-25
18.3,-25,0,-25
18.25,-25,0,-25
18.2,-25,0,-25
18.15,-25,0,-25
18.1,-25,0,-25
18.05,-25,0,-25
18,-25,0,-25
17.95,-25,0,-25
17.9,-25,0,-25
17.85,-25,0,-25
17.8,-25,0,-25
17.75,-25,0,-25
17.7,-25,0,-25
17.65,-25,0,-25
17.6,-25,0,-25
17.55,-25,0,-25
17.5,-25,0,-25
17.45,-25,0,-25
17.4,-25,0,-25
17.35,-25,0,-25
17.3,-25,0,-25
17.25,-25,0,-25
17.2,-25,0,-25
17.15,-25,0,-25
17.1,-25,0,-25
17.05,-25,0,-25
17,-25,0,-25
16.95,-25,0,-25
16.9,-25,0,-25
16.85,-25,0,-25
16.8,-25,0,-25
16.75,-25,0,-25
16.7,-25,0,-25
16.65,-25,0,-25
16.6,-25,0,-25
16.55,-25,0,-25
16.5,-25,0,-25
16.45,-25,0,-25
16.4,-25,0,-25
16.35,-25,0,-25
16.3,-25,0,-25
16.25,-25,0,-25
16.2,-25,0,-25
16.15,-25,0,-25
16.1,-25,0,-25
16.05,-25,0,-25
16,-25,0,-25
15.95,-25,0,-25
15.9,-25,0,-25
15.85,-25,0,-25
15.8,-25,0,-25
15.75,-25,0,-25
15.7,-25,0,-25
15.65,-25,0,-25
15.6,-25,0,-25
15.55,-25,0,-25
15.5,-25,0,-25
15.45,-25,0,-25
15.4,-25,0,-25
15.35,-25,0,-25
15.3,-25,0,-25
15.25,-25,0,-25
15.2,-25,0,-25
15.15,-25,0,-25
15.1,-25,0,-25
15.05,-25,0,-25
15,-25,0,-25
14.95,-25,0,-25
14.9,-25,0,-25
14.85,-25,0,-25
14.8,-25,0,-25
14.75,-25,0,-25
14.7,-25,0,-25
14.65,-25,0,-25
14.6,-25,0,-25
14.55,-25,0,-25
14.5,-25,0,-25
14.45,-25,0,-25
14.4,-25,0,-25
14.35,-25,0,-25
14.3,-25,0,-25
14.25,-25,0,-25
14.2,-25,0,-25
14.15,-25,0,-25
14.1,-25,0,-25
14.05,-25,0,-25
14,-25,0,-25
13.95,-25,0,-25
13.9,-25,0,-25
13.85,-25,0,-25
13.8,-25,0,-25
13.75,-25,0,-25
13.7,-25,0,-25
13.65,-25,0,-25
13.6,-25,0,-25
13.55,-25,0,-25
13.5,-25,0,-25
13.45,-25,0,-25
13.4,-25,0,-25
13.35,-25,0,-25
13.3,-25,0,-25
13.25,-25,0,-25
13.2,-25,0,-25
13.15,-25,0,-25
13.1,-25,0,-25
13.05,-25,0,-25
13,-25,0,-25
12.95,-25,0,-25
12.9,-25,0,-25
12.85,-25,0,-25
12.8,-25,0,-25
12.75,-25,0,-25
12.7,-25,0,-25
12.65,-25,0,-25
12.6,-25,0,-25
12.55,-25,0,-25
12.5,-25,0,-25
12.45,-25,0,-25
12.4,-25,0,-25
12.35,-25,0,-25
12.3,-25,0,-25
12.25,-25,0,-25
12.2,-25,0,-25
12.15,-25,0,-25
12.1,-25,0,-25
12.05,-25,0,-25
12,-25,0,-25
11.95,-25,0,-25
11.9,-25,0,-25
11.85,-25,0,-25
11.8,-25,0,-25
11.75,-25,0,-25
11.7,-25,0,-25
11.65,-25,0,-25
11.6,-25,0,-25
11.55,-25,0,-25
11.5,-25,0,-25
11.45,-25,0,-25
11.4,-25,0,-25
11.35,-25,0,-25
11.3,-25,0,-25
11.25,-25,0,-25
11.2,-25,0,-25
11.15,-25,0,-25
11.1,-25,0,-25
11.05,-25,0,-25
11,-25,0,-25
10.95,-25,0,-25
10.9,-25,0,-25
10.85,-25,0,-25
10.8,-25,0,-25
10.75,-25,0,-25
10.7,-25,0,-25
10.65,-25,0,-25
10.6,-25,0,-25
10.55,-25,0,-25
10.5,-25,0,-25
10.45,-25,0,-25
10.4,-25,0,-25
10.35,-25,0,-25
10.3,-25,0,-25
10.25,-25,0,-25
10.2,-25,0,-25
10.15,-25,0,-25
10.1,-25,0,-25
10.05,-25,0,-25
10,-25,0,-25
9.95,-25,0,-25
9.9,-25,0,-25
9.85,-25,0,-25
9.8,-25,0,-25
9.75,-25,0,-25
9.7,-25,0,-25
9.65,-25,0,-25
9.6,-25,0,-25
9.55,-25,0,-25
9.5,-25,0,-25
9.45,-25,0,-25
9.4,-25,0,-25
9.35,-25,0,-25
9.3,-25,0,-25
9.25,-25,0,-25
9.2,-25,0,-25
9.15,-25,0,-25
9.1,-25,0,-25
9.05,-25,0,-25
9,-25,0,-25
8.95,-25,0,-25
8.9,-25,0,-25
8.85,-25,0,-25
8.8,-25,0,-25
8.75,-25,0,-25
8.7,-25,0,-25
8.65,-25,0,-25
8.6,-25,0,-25
8.55,-25,0,-25
8.5,-25,0,-25
8.45,-25,0,-25
8.4,-25,0,-25
8.35,-25,0,-25
8.3,-25,0,-25
8.25,-25,0,-25
8.2,-25,0,-25
8.15,-25,0,-25
8.1,-25,0,-25
8.05,-25,0,-25
8,-25,0,-25
7.95,-25,0,-25
7.9,-25,0,-25
7.85,-25,0,-25
7.8,-25,0,-25
7.75,-25,0,-25
7.7,-25,0,-25
7.65,-25,0,-25
7.6,-25,0,-25
7.55,-25,0,-25
7.5,-25,0,-25
7.45,-25,0,-25
7.4,-25,0,-25
7.35,-25,0,-25
7.3,-25,0,-25
7.25,-25,0,-25
7.2,-25,0,-25
7.15,-25,0,-25
7.1,-25,0,-25
7.05,-25,0,-25
7,-25,0,-25
6.95,-25,0,-25
6.9,-25,0,-25
6.85,-25,0,-25
6.8,-25,0,-25
6.75,-25,0,-25
6.7,-25,0,-25
6.65,-25,0,-25
6.6,-25,0,-25
6.55,-25,0,-25
6.5,-25,0,-25
6.45,-25,0,-25
6.4,-25,0,-25
6.35,-25,0,-25
6.3,-25,0,-25
6.25,-25,0,-25
6.2,-25,0,-25
6.15,-25,0,-25
6.1,-25,0,-25
6.05,-25,0,-25
6,-25,0,-25
5.95,-25,0,-25
5.9,-25,0,-25
5.85,-25,0,-25
5.8,-25,0,-25
5.75,-25,0,-25
5.7,-25,0,-25
5.65,-25,0,-25
5.6,-25,0,-25
5.55,-25,0,-25
5.5,-25,0,-25
5.45,-25,0,-25
5.4,-25,0,-25
5.35,-25,0,-25
5.3,-25,0,-25
5.25,-25,0,-25
5.2,-25,0,-25
5.15,-25,0,-25
5.1,-25,0,-25
5.05,-25,0,-25
5,-25,0,-25
4.95,-25,0,-25
4.9,-25,0,-25
4.85,-25,0,-25
4.8,-25,0,-25
4.75,-25,0,-25
4.7,-25,0,-25
4.65,-25,0,-25
4.6,-25,0,-25
4.55,-25,0,-25
4.5,-25,0,-25
4.45,-25,0,-25
4.4,-25,0,-25
4.35,-25,0,-25
4.3,-25,0,-25
4.25,-25,0,-25
4.2,-25,0,-25
4.15,-25,0,-25
4.1,-25,0,-25
4.05,-25,0,-25
4,-25,0,-25
3.95,-25,0,-25
3.9,-25,0,-25
3.85,-25,0,-25
3.8,-25,0,-25
3.75,-25,0,-25
3.7,-25,0,-25
3.65,-25,0,-25
3.6,-25,0,-25
3.55,-25,0,-25
3.5,-25,0,-25
3.45,-25,0,-25
3.4,-25,0,-25
3.35,-25,0,-25
3.3,-25,0,-25
3.25,-25,0,-25
3.2,-25,0,-25
3.15,-25,0,-25
3.1,-25,0,-25
3.05,-25,0,-25
3,-25,0,-25
2.95,-25,0,-25
2.9,-25,0,-25
2.85,-25,0,-25
2.8,-25,0,-25
2.75,-25,0,-25
2.7,-25,0,-25
2.65,-25,0,-25
2.6,-25,0,-25
2.55,-25,0,-25
2.5,-25,0,-25
2.45,-25,0,-25
2.4,-25,0,-25
2.35,-25,0,-25
2.3,-25,0,-25
2.25,-25,0,-25
2.2,-25,0,-25
2.15,-25,0,-25
2.1,-25,0,-25
2.05,-25,0,-25
2,-25,0,-25
1.95,-25,0,-25
1.9,-25,0,-25
1.85,-25,0,-25
1.8,-25,0,-25
1.75,-25,0,-25
1.7,-25,0,-25
1.65,-25,0,-25
1.6,-25,0,-25
1.55,-25,0,-25
1.5,-25,0,-25
1.45,-25,0,-25
1.4,-25,0,-25
1.35,-25,0,-25
1.3,-25,0,-25
1.25,-25,0,-25
1.2,-25,0,-25
1.15,-25,0,-25
1.1,-25,0,-25
1.05,-25,0,-25
1,-25,0,-25
0.95,-25,0,-25
0.9,-25,0,-25
0.85,-25,0,-25
0.8,-25,0,-25
0.75,-25,0,-25
0.7,-25,0,-25
0.65,-25,0,-25
0.6,-25,0,-25
0.55,-25,0,-25
0.5,-25,0,-25
0.45,-25,0,-25
0.4,-25,0,-25
0.35,-25,0,-25
0.3,-25,0,-25
0.25,-25,0,-25
0.2,-25,0,-25
0.15,-25,0,-25
0.1,-25,0,-25
0.05,-25,0,-25
